utc,elapsed_s,rss_kb,private_kb,anon_kb,cpu_s,fds,threads,offered,answered,done
2026-10-08T14:23:35Z,1,57972,54128,10104,0.32,15,5,1,0,0
2026-10-08T14:24:35Z,61,57972,54128,10104,1.27,15,5,1,1,0
2026-10-08T14:25:34Z,120,58036,54192,10104,2.24,15,5,1,1,0
2026-10-08T14:26:34Z,180,58036,54192,10104,3.24,15,5,1,1,0
2026-10-08T14:27:35Z,241,59112,12488,11180,4.28,15,5,2,2,1
2026-10-08T14:28:35Z,301,59112,12424,11180,5.28,15,5,2,2,1
2026-10-08T14:29:35Z,361,59112,12424,11180,6.23,15,5,2,2,1
2026-10-08T14:30:35Z,421,59120,55276,11188,7.24,15,5,3,3,2
2026-10-08T14:31:34Z,480,59120,13232,11188,8.23,15,5,3,3,2
2026-10-08T14:32:35Z,540,59120,13248,11188,9.21,15,5,3,3,2
2026-10-08T14:33:35Z,601,59120,55276,11188,10.11,15,5,4,4,3
2026-10-08T14:34:35Z,661,59120,55276,11188,11.15,15,5,5,4,3
2026-10-08T14:35:35Z,721,59120,55276,11188,12.22,15,5,5,4,3
2026-10-08T14:36:34Z,780,59136,55292,11204,13.22,15,5,6,5,4
2026-10-08T14:37:35Z,841,59136,55292,11204,14.21,15,5,6,5,4
2026-10-08T14:38:35Z,901,59136,55292,11204,15.21,15,5,6,5,4
2026-10-08T14:39:35Z,961,59136,55292,11204,16.15,15,5,7,6,5
2026-10-08T14:40:34Z,1020,59136,55292,11204,17.14,15,5,7,6,5
2026-10-08T14:41:34Z,1080,59136,55292,11204,18.07,15,5,7,6,5
2026-10-08T14:42:35Z,1141,59136,55292,11204,19.02,15,5,8,7,6
2026-10-08T14:43:35Z,1201,59136,55292,11204,19.91,15,5,8,7,6
2026-10-08T14:44:35Z,1261,59136,55292,11204,20.84,15,5,8,7,6
2026-10-08T14:45:35Z,1321,59136,55292,11204,21.70,15,5,9,8,7
2026-10-08T14:46:34Z,1380,59136,55292,11204,22.62,15,5,9,8,7
2026-10-08T14:47:34Z,1440,59136,55292,11204,23.55,15,5,9,8,7
2026-10-08T14:48:35Z,1501,59136,55292,11204,24.36,15,5,10,9,8
2026-10-08T14:49:35Z,1561,59136,55292,11204,25.30,15,5,10,9,8
2026-10-08T14:50:35Z,1621,59136,55292,11204,26.20,15,5,10,9,8
2026-10-08T14:51:34Z,1680,59136,55292,11204,27.13,15,5,11,10,9
2026-10-08T14:52:34Z,1740,59136,55292,11204,27.99,15,5,11,10,9
2026-10-08T14:53:34Z,1800,59136,55292,11204,28.91,15,5,11,10,9
2026-10-08T14:54:35Z,1861,59136,55292,11204,29.77,15,5,12,11,10
2026-10-08T14:55:35Z,1921,59136,55292,11204,30.78,15,5,12,11,10
2026-10-08T14:56:35Z,1981,59136,55292,11204,31.74,15,5,12,11,10
2026-10-08T14:57:34Z,2040,59136,55292,11204,32.67,15,5,13,12,11
2026-10-08T14:58:34Z,2100,59136,55292,11204,33.64,15,5,13,12,11
2026-10-08T14:59:35Z,2161,59136,55292,11204,34.62,15,5,13,12,11
2026-10-08T15:00:35Z,2221,59136,55292,11204,35.63,15,5,14,13,12
2026-10-08T15:01:35Z,2281,59136,55292,11204,36.61,15,5,14,13,12
2026-10-08T15:02:34Z,2340,59136,55292,11204,37.45,15,5,14,13,12
2026-10-08T15:03:34Z,2400,59136,55292,11204,38.42,12,3,14,13,13
2026-10-08T15:04:35Z,2461,59136,55292,11204,39.38,15,5,15,14,13
2026-10-08T15:05:35Z,2521,59136,55292,11204,40.36,15,5,15,14,13
2026-10-08T15:06:35Z,2581,59136,55292,11204,41.35,15,5,15,14,13
2026-10-08T15:07:34Z,2640,59136,55292,11204,42.28,15,5,16,15,14
2026-10-08T15:08:34Z,2700,59136,55292,11204,43.21,15,5,16,15,14
2026-10-08T15:09:35Z,2761,59136,55292,11204,44.23,15,5,16,15,14
2026-10-08T15:10:35Z,2821,59136,55292,11204,45.21,15,5,17,16,15
2026-10-08T15:11:35Z,2881,59136,12780,11204,46.15,15,5,17,16,15
2026-10-08T15:12:34Z,2940,59136,12716,11204,47.11,15,5,17,16,15
2026-10-08T15:13:34Z,3000,59136,12716,11204,48.10,15,5,18,17,16
2026-10-08T15:14:35Z,3061,59136,13828,11204,49.02,15,5,18,17,16
2026-10-08T15:15:35Z,3121,59136,12380,11204,50.00,15,5,18,17,16
2026-10-08T15:16:35Z,3181,59136,13708,11204,50.89,15,5,19,18,17
2026-10-08T15:17:34Z,3240,59136,55292,11204,51.84,15,5,19,18,17
2026-10-08T15:18:34Z,3300,59136,55292,11204,52.82,15,5,19,18,17
2026-10-08T15:19:35Z,3361,59136,55292,11204,53.82,15,5,20,19,18
2026-10-08T15:20:35Z,3421,59136,55292,11204,54.82,15,5,20,19,18
2026-10-08T15:21:35Z,3481,59136,55292,11204,55.78,15,5,20,19,18
2026-10-08T15:22:34Z,3540,59136,55292,11204,56.76,15,5,21,20,19
2026-10-08T15:23:34Z,3600,59136,55292,11204,57.72,15,5,21,20,19
2026-10-08T15:24:35Z,3661,59136,55292,11204,58.70,15,5,21,20,19
2026-10-08T15:25:35Z,3721,59136,55292,11204,59.66,15,5,22,21,20
2026-10-08T15:26:35Z,3781,59136,55292,11204,60.55,15,5,22,21,20
2026-10-08T15:27:34Z,3840,59136,55292,11204,61.31,15,5,22,21,20
2026-10-08T15:28:34Z,3900,59136,55292,11204,62.24,15,5,23,22,21
2026-10-08T15:29:34Z,3960,59136,55292,11204,63.17,15,5,23,22,21
2026-10-08T15:30:35Z,4021,59136,55292,11204,64.03,15,5,23,22,21
2026-10-08T15:31:35Z,4081,59400,55556,11468,64.89,15,5,24,23,22
2026-10-08T15:32:35Z,4141,59400,55556,11468,65.75,15,5,24,23,22
2026-10-08T15:33:35Z,4201,59400,55556,11468,66.61,15,5,24,23,22
2026-10-08T15:34:34Z,4260,59400,55556,11468,67.49,15,5,25,24,23
2026-10-08T15:35:34Z,4320,59400,55556,11468,68.38,15,5,25,24,23
2026-10-08T15:36:34Z,4380,59400,55556,11468,69.33,15,5,25,24,23
2026-10-08T15:37:35Z,4441,59400,55556,11468,70.30,15,5,26,25,24
2026-10-08T15:38:35Z,4501,59400,55556,11468,71.25,15,5,26,25,24
2026-10-08T15:39:35Z,4561,59400,55556,11468,72.07,15,5,26,25,24
2026-10-08T15:40:35Z,4621,59408,55564,11476,72.93,15,5,27,26,25
2026-10-08T15:41:34Z,4680,59408,55564,11476,73.86,15,5,27,26,25
2026-10-08T15:42:34Z,4740,59408,55564,11476,74.66,15,5,27,26,25
2026-10-08T15:43:35Z,4800,59408,55564,11476,75.43,15,5,27,26,25
2026-10-08T15:44:35Z,4861,59412,55568,11480,76.28,15,5,28,27,26
2026-10-08T15:45:35Z,4921,59412,55568,11480,77.27,15,5,28,27,26
2026-10-08T15:46:35Z,4981,59412,55568,11480,78.16,15,5,28,27,26
2026-10-08T15:47:34Z,5040,59416,55572,11484,79.09,15,5,29,28,27
2026-10-08T15:48:34Z,5100,59416,55572,11484,79.94,15,5,29,28,27
2026-10-08T15:49:34Z,5160,59416,55572,11484,80.84,15,5,29,28,27
2026-10-08T15:50:35Z,5221,59420,55576,11488,81.71,15,5,30,29,28
2026-10-08T15:51:35Z,5281,59420,55576,11488,82.61,15,5,30,29,28
2026-10-08T15:52:35Z,5341,59420,55576,11488,83.52,15,5,30,29,28
2026-10-08T15:53:35Z,5401,59440,55596,11508,84.42,15,5,31,30,29
2026-10-08T15:54:34Z,5460,59440,55596,11508,85.34,15,5,31,30,29
2026-10-08T15:55:34Z,5520,59440,55596,11508,86.24,15,5,31,30,29
2026-10-08T15:56:35Z,5581,59440,55596,11508,87.01,15,5,32,31,30
2026-10-08T15:57:35Z,5641,59440,55596,11508,87.80,15,5,32,31,30
2026-10-08T15:58:35Z,5701,59440,55596,11508,88.74,15,5,32,31,30
2026-10-08T15:59:35Z,5761,59440,55596,11508,89.64,15,5,33,32,31
2026-10-08T16:00:34Z,5820,59440,55596,11508,90.53,15,5,33,32,31
2026-10-08T16:01:34Z,5880,59440,55596,11508,91.35,15,5,33,32,31
2026-10-08T16:02:34Z,5940,59440,55596,11508,92.16,15,5,34,33,32
2026-10-08T16:03:35Z,6000,59440,55596,11508,93.02,15,5,34,33,32
2026-10-08T16:04:35Z,6061,59440,55596,11508,93.88,15,5,34,33,32
2026-10-08T16:05:35Z,6121,59444,55600,11512,94.79,15,5,35,34,33
2026-10-08T16:06:35Z,6181,59444,55600,11512,95.56,15,5,35,34,33
2026-10-08T16:07:34Z,6240,59444,55600,11512,96.38,15,5,35,34,33
2026-10-08T16:08:34Z,6300,59444,55600,11512,97.28,15,5,36,35,34
2026-10-08T16:09:35Z,6360,59444,55600,11512,98.10,15,5,36,35,34
2026-10-08T16:10:35Z,6421,59444,55600,11512,99.01,15,5,36,35,34
2026-10-08T16:11:35Z,6481,59448,55604,11516,99.89,15,5,37,36,35
2026-10-08T16:12:35Z,6541,59448,55604,11516,100.75,15,5,37,36,35
2026-10-08T16:13:35Z,6601,59448,55604,11516,101.61,15,5,37,36,35
2026-10-08T16:14:34Z,6660,59448,55604,11516,102.53,15,5,37,36,35
2026-10-08T16:15:34Z,6720,59448,55604,11516,103.46,15,5,38,37,36
2026-10-08T16:16:35Z,6781,59448,55604,11516,104.39,15,5,38,37,36
2026-10-08T16:17:35Z,6841,59448,55604,11516,105.30,15,5,38,37,36
2026-10-08T16:18:35Z,6901,59452,55608,11520,106.05,15,5,39,38,37
2026-10-08T16:19:35Z,6961,59452,55608,11520,106.91,15,5,39,38,37
2026-10-08T16:20:34Z,7020,59452,55608,11520,107.77,15,5,39,38,37
2026-10-08T16:21:34Z,7080,59464,55620,11532,108.60,15,5,40,39,38
2026-10-08T16:22:34Z,7140,59464,55620,11532,109.44,15,5,40,39,38
2026-10-08T16:23:35Z,7201,59464,55620,11532,110.35,15,5,40,39,38
2026-10-08T16:24:35Z,7261,59464,55620,11532,111.15,15,5,41,40,39
2026-10-08T16:25:35Z,7321,59464,55620,11532,112.11,15,5,41,40,39
2026-10-08T16:26:35Z,7381,59464,55620,11532,113.03,15,5,41,40,39
2026-10-08T16:27:34Z,7440,59472,55628,11540,113.93,15,5,42,41,40
2026-10-08T16:28:34Z,7500,59472,55628,11540,114.81,15,5,42,41,40
2026-10-08T16:29:35Z,7561,59472,55628,11540,115.72,15,5,42,41,40
2026-10-08T16:30:35Z,7621,59472,55628,11540,116.68,15,5,43,42,41
2026-10-08T16:31:35Z,7681,59472,55628,11540,117.68,15,5,43,42,41
2026-10-08T16:32:34Z,7740,59472,55628,11540,118.64,15,5,43,42,41
2026-10-08T16:33:34Z,7800,59476,55632,11544,119.62,15,5,44,43,42
2026-10-08T16:34:35Z,7861,59476,55632,11544,120.60,15,5,44,43,42
2026-10-08T16:35:35Z,7921,59476,55632,11544,121.64,15,5,44,43,42
2026-10-08T16:36:35Z,7981,59484,55640,11552,122.65,15,5,45,44,43
2026-10-08T16:37:34Z,8040,59484,55640,11552,123.64,15,5,45,44,43
2026-10-08T16:38:34Z,8100,59484,55640,11552,124.59,15,5,45,44,43
2026-10-08T16:39:35Z,8161,59484,55640,11552,125.61,15,5,46,45,44
2026-10-08T16:40:35Z,8221,59484,55640,11552,126.60,15,5,46,45,44
2026-10-08T16:41:35Z,8281,59484,55640,11552,127.54,15,5,46,45,44
2026-10-08T16:42:34Z,8340,59484,55640,11552,128.43,15,5,47,46,45
2026-10-08T16:43:34Z,8400,59484,55640,11552,129.36,15,5,47,46,45
2026-10-08T16:44:35Z,8460,59484,55640,11552,130.30,15,5,47,46,45
2026-10-08T16:45:35Z,8521,59484,55640,11552,131.29,15,5,48,47,46
2026-10-08T16:46:35Z,8581,59484,55640,11552,132.24,15,5,48,47,46
2026-10-08T16:47:35Z,8641,59484,55640,11552,133.16,15,5,48,47,46
2026-10-08T16:48:34Z,8700,59484,55640,11552,134.09,15,5,48,47,46
2026-10-08T16:49:35Z,8761,59484,55640,11552,135.07,15,5,49,48,47
2026-10-08T16:50:35Z,8821,59484,55640,11552,136.04,15,5,49,48,47
2026-10-08T16:51:35Z,8881,59484,55640,11552,136.96,15,5,49,48,47
2026-10-08T16:52:35Z,8941,59496,55652,11564,137.92,15,5,50,49,48
2026-10-08T16:53:34Z,9000,59496,55652,11564,138.88,15,5,50,49,48
2026-10-08T16:54:34Z,9060,59496,55652,11564,139.85,15,5,50,49,48
2026-10-08T16:55:35Z,9121,59496,55652,11564,140.82,15,5,51,50,49
2026-10-08T16:56:35Z,9181,59496,55652,11564,141.72,15,5,51,50,49
2026-10-08T16:57:35Z,9241,59496,55652,11564,142.65,15,5,51,50,49
2026-10-08T16:58:34Z,9300,59496,55652,11564,143.67,15,5,52,51,50
2026-10-08T16:59:34Z,9360,59496,55652,11564,144.68,15,5,52,51,50
2026-10-08T17:00:35Z,9421,59496,55652,11564,145.69,15,5,52,51,50
2026-10-08T17:01:35Z,9481,59500,55656,11568,146.69,15,5,53,52,51
2026-10-08T17:02:35Z,9541,59500,55656,11568,147.66,15,5,53,52,51
2026-10-08T17:03:34Z,9600,59500,55656,11568,148.62,15,5,53,52,51
2026-10-08T17:04:34Z,9660,59500,55656,11568,149.52,15,5,54,53,52
2026-10-08T17:05:35Z,9721,59500,55656,11568,150.37,15,5,54,53,52
2026-10-08T17:06:35Z,9781,59500,55656,11568,151.13,15,5,54,53,52
2026-10-08T17:07:35Z,9841,59500,55656,11568,151.90,15,5,55,54,53
2026-10-08T17:08:35Z,9901,59500,55656,11568,152.74,15,5,55,54,53
2026-10-08T17:09:34Z,9960,59500,55656,11568,153.64,15,5,55,54,53
2026-10-08T17:10:34Z,10020,59500,55656,11568,154.56,15,5,56,55,54
2026-10-08T17:11:35Z,10080,59500,55656,11568,155.35,15,5,56,55,54
2026-10-08T17:12:35Z,10141,59500,55656,11568,156.12,15,5,56,55,54
2026-10-08T17:13:35Z,10201,59500,55656,11568,156.97,15,5,57,56,55
2026-10-08T17:14:35Z,10261,59500,55656,11568,157.72,15,5,57,56,55
2026-10-08T17:15:34Z,10320,59500,55656,11568,158.63,15,5,57,56,55
2026-10-08T17:16:34Z,10380,59504,55660,11572,159.50,15,5,58,57,56
2026-10-08T17:17:35Z,10440,59504,55660,11572,160.35,15,5,58,57,56
2026-10-08T17:18:35Z,10501,59504,55660,11572,161.24,15,5,58,57,56
2026-10-08T17:19:35Z,10561,59504,55660,11572,162.09,15,5,59,58,57
2026-10-08T17:20:35Z,10621,59504,55660,11572,163.13,15,5,59,58,57
2026-10-08T17:21:35Z,10681,59504,55660,11572,163.99,15,5,59,58,57
2026-10-08T17:22:34Z,10740,59504,55660,11572,164.81,12,3,59,58,58
2026-10-08T17:25:46Z,10932,59504,55660,11572,167.53,12,3,60,59,59
